"dia","mes","ano","porcentagem","data","dia_semana","racionamento","index"
1,1,2001,0.357592922761522,2001-01-01,"Segunda Feira","FASE 0",1
8,1,2001,0.353570439606885,2001-01-08,"Segunda Feira","FASE 0",8
15,1,2001,0.351335726743197,2001-01-15,"Segunda Feira","FASE 0",15
22,1,2001,0.347757757125576,2001-01-22,"Segunda Feira","FASE 0",22
29,1,2001,0.344182216543676,2001-01-29,"Segunda Feira","FASE 0",29
5,2,2001,0.340604246926055,2001-02-05,"Segunda Feira","FASE 0",36
12,2,2001,0.337028706344155,2001-02-12,"Segunda Feira","FASE 0",43
19,2,2001,0.333450736726534,2001-02-19,"Segunda Feira","FASE 0",50
26,2,2001,0.329875196144635,2001-02-26,"Segunda Feira","FASE 0",57
5,3,2001,0.325850283954276,2001-03-05,"Segunda Feira","FASE 0",64
12,3,2001,0.35267655446141,2001-03-12,"Segunda Feira","FASE 0",71
19,3,2001,0.374746773026044,2001-03-19,"Segunda Feira","FASE 0",78
26,3,2001,0.372242437197281,2001-03-26,"Segunda Feira","FASE 0",85
2,4,2001,0.378251871572023,2001-04-02,"Segunda Feira","FASE 0",92
9,4,2001,0.379753015647848,2001-04-09,"Segunda Feira","FASE 0",99
16,4,2001,0.376247917101869,2001-04-16,"Segunda Feira","FASE 0",106
23,4,2001,0.373743581273106,2001-04-23,"Segunda Feira","FASE 0",113
30,4,2001,0.370238482727127,2001-04-30,"Segunda Feira","FASE 0",120
4,6,2001,0.354017382179622,2001-06-04,"Segunda Feira","FASE 0",124
11,6,2001,0.351782669315935,2001-06-11,"Segunda Feira","FASE 0",131
18,6,2001,0.349992469989264,2001-06-18,"Segunda Feira","FASE 0",138
25,6,2001,0.347757757125576,2001-06-25,"Segunda Feira","FASE 0",145
2,7,2001,0.348204699698314,2001-07-02,"Segunda Feira","FASE 0",152
9,7,2001,0.346416929407364,2001-07-09,"Segunda Feira","FASE 0",159
16,7,2001,0.343735273970939,2001-07-16,"Segunda Feira","FASE 0",166
23,7,2001,0.342838959789743,2001-07-23,"Segunda Feira","FASE 0",173
30,7,2001,0.340604246926055,2001-07-30,"Segunda Feira","FASE 0",180
6,8,2001,0.338369534062368,2001-08-06,"Segunda Feira","FASE 0",187
13,8,2001,0.335687878625943,2001-08-13,"Segunda Feira","FASE 0",194
20,8,2001,0.333003794153797,2001-08-20,"Segunda Feira","FASE 0",201
27,8,2001,0.330322138717372,2001-08-27,"Segunda Feira","FASE 0",208
3,9,2001,0.328087425853685,2001-09-03,"Segunda Feira","FASE 0",215
10,9,2001,0.324956398808801,2001-09-10,"Segunda Feira","FASE 0",222
17,9,2001,0.322274743372376,2001-09-17,"Segunda Feira","FASE 0",229
24,9,2001,0.319143716327492,2001-09-24,"Segunda Feira","FASE 0",236
1,10,2001,0.31521596556599,2001-10-01,"Segunda Feira","FASE 0",243
8,10,2001,0.312420145450659,2001-10-08,"Segunda Feira","FASE 0",250
15,10,2001,0.310421049051947,2001-10-15,"Segunda Feira","FASE 0",257
22,10,2001,0.308023590794926,2001-10-22,"Segunda Feira","FASE 0",264
29,10,2001,0.304829408821286,2001-10-29,"Segunda Feira","FASE 0",271
5,11,2001,0.302031159670234,2001-11-05,"Segunda Feira","FASE 0",278
12,11,2001,0.298834548660873,2001-11-12,"Segunda Feira","FASE 0",285
19,11,2001,0.295637937651511,2001-11-19,"Segunda Feira","FASE 0",292
26,11,2001,0.292443755677871,2001-11-26,"Segunda Feira","FASE 0",299
3,12,2001,0.288846353774479,2001-12-03,"Segunda Feira","FASE 0",306
10,12,2001,0.285649742765117,2001-12-10,"Segunda Feira","FASE 0",313
17,12,2001,0.282853922649786,2001-12-17,"Segunda Feira","FASE 0",320
24,12,2001,0.279657311640425,2001-12-24,"Segunda Feira","FASE 0",327
31,12,2001,0.276460700631063,2001-12-31,"Segunda Feira","FASE 0",334
7,1,2002,0.368737338651302,2002-01-07,"Segunda Feira","FASE 0",341
14,1,2002,0.384761687305374,2002-01-14,"Segunda Feira","FASE 0",348
21,1,2002,0.385262068663982,2002-01-21,"Segunda Feira","FASE 0",355
28,1,2002,0.38276016187094,2002-01-28,"Segunda Feira","FASE 0",362
4,2,2002,0.382257351476611,2002-02-04,"Segunda Feira","FASE 0",369
11,2,2002,0.395779793337641,2002-02-11,"Segunda Feira","FASE 0",376
18,2,2002,0.402289609070991,2002-02-18,"Segunda Feira","FASE 0",383
25,2,2002,0.400788464995166,2002-02-25,"Segunda Feira","FASE 0",390
4,3,2002,0.45281841014754,2002-03-04,"Segunda Feira","FASE 0",397
11,3,2002,0.453940624650826,2002-03-11,"Segunda Feira","FASE 0",404
18,3,2002,0.450017731960766,2002-03-18,"Segunda Feira","FASE 0",411
25,3,2002,0.447778161025636,2002-03-25,"Segunda Feira","FASE 0",418
1,4,2002,0.449459053744844,2002-04-01,"Segunda Feira","FASE 0",425
8,4,2002,0.44665594652235,2002-04-08,"Segunda Feira","FASE 0",432
15,4,2002,0.446097268306428,2002-04-15,"Segunda Feira","FASE 0",439
22,4,2002,0.446097268306428,2002-04-22,"Segunda Feira","FASE 0",446
29,4,2002,0.442735482868011,2002-04-29,"Segunda Feira","FASE 0",453
6,5,2002,0.439373697429594,2002-05-06,"Segunda Feira","FASE 0",460
13,5,2002,0.441615697400446,2002-05-13,"Segunda Feira","FASE 0",467
20,5,2002,0.439934804681238,2002-05-20,"Segunda Feira","FASE 0",474
27,5,2002,0.441054590148803,2002-05-27,"Segunda Feira","FASE 0",481
3,6,2002,0.440495911932881,2002-06-03,"Segunda Feira","FASE 0",488
10,6,2002,0.439373697429594,2002-06-10,"Segunda Feira","FASE 0",495
17,6,2002,0.437692804710386,2002-06-17,"Segunda Feira","FASE 0",502
24,6,2002,0.435453233775256,2002-06-24,"Segunda Feira","FASE 0",509
1,7,2002,0.433211233804404,2002-07-01,"Segunda Feira","FASE 0",516
8,7,2002,0.429851877401709,2002-07-08,"Segunda Feira","FASE 0",523
15,7,2002,0.428729662898423,2002-07-15,"Segunda Feira","FASE 0",530
22,7,2002,0.424809199244084,2002-07-22,"Segunda Feira","FASE 0",537
29,7,2002,0.422569628308954,2002-07-29,"Segunda Feira","FASE 0",544
5,8,2002,0.419207842870537,2002-08-05,"Segunda Feira","FASE 0",551
12,8,2002,0.415846057432121,2002-08-12,"Segunda Feira","FASE 0",558
19,8,2002,0.412484271993704,2002-08-19,"Segunda Feira","FASE 0",565
26,8,2002,0.408801853840063,2002-08-26,"Segunda Feira","FASE 0",572
2,9,2002,0.4062975180113,2002-09-02,"Segunda Feira","FASE 0",579
9,9,2002,0.402792419465321,2002-09-09,"Segunda Feira","FASE 0",586
16,9,2002,0.39978770227795,2002-09-16,"Segunda Feira","FASE 0",593
23,9,2002,0.395779793337641,2002-09-23,"Segunda Feira","FASE 0",600
30,9,2002,0.391774313433053,2002-09-30,"Segunda Feira","FASE 0",607
7,10,2002,0.387766404492744,2002-10-07,"Segunda Feira","FASE 0",614
14,10,2002,0.384261305946765,2002-10-14,"Segunda Feira","FASE 0",621
21,10,2002,0.380756207400786,2002-10-21,"Segunda Feira","FASE 0",628
28,10,2002,0.376247917101869,2002-10-28,"Segunda Feira","FASE 0",635
4,11,2002,0.372242437197281,2002-11-04,"Segunda Feira","FASE 0",642
11,11,2002,0.367734146898364,2002-11-11,"Segunda Feira","FASE 0",649
18,11,2002,0.363728666993777,2002-11-18,"Segunda Feira","FASE 0",656
25,11,2002,0.359830064660931,2002-11-25,"Segunda Feira","FASE 0",663
2,12,2002,0.35625209504331,2002-12-02,"Segunda Feira","FASE 0",670
9,12,2002,0.35267655446141,2002-12-09,"Segunda Feira","FASE 0",677
16,12,2002,0.349992469989264,2002-12-16,"Segunda Feira","FASE 0",684
23,12,2002,0.345969986834626,2002-12-23,"Segunda Feira","FASE 0",691
30,12,2002,0.342392017217005,2002-12-30,"Segunda Feira","FASE 0",698
6,1,2003,0.338369534062368,2003-01-06,"Segunda Feira","FASE 0",705
13,1,2003,0.334344621872009,2003-01-13,"Segunda Feira","FASE 0",712
20,1,2003,0.331216023862847,2003-01-20,"Segunda Feira","FASE 0",719
27,1,2003,0.328534368426422,2003-01-27,"Segunda Feira","FASE 0",726
3,2,2003,0.326297226527013,2003-02-03,"Segunda Feira","FASE 0",733
10,2,2003,0.323615571090588,2003-02-10,"Segunda Feira","FASE 0",740
17,2,2003,0.328087425853685,2003-02-17,"Segunda Feira","FASE 0",747
24,2,2003,0.325403341381538,2003-02-24,"Segunda Feira","FASE 0",754
3,3,2003,0.322274743372376,2003-03-03,"Segunda Feira","FASE 0",761
10,3,2003,0.31959065890023,2003-03-10,"Segunda Feira","FASE 0",768
17,3,2003,0.31601511831833,2003-03-17,"Segunda Feira","FASE 0",775
24,3,2003,0.334344621872009,2003-03-24,"Segunda Feira","FASE 0",782
31,3,2003,0.333897679299272,2003-03-31,"Segunda Feira","FASE 0",789
7,4,2003,0.33792259148963,2003-04-07,"Segunda Feira","FASE 0",796
14,4,2003,0.342838959789743,2003-04-14,"Segunda Feira","FASE 0",803
21,4,2003,0.340157304353318,2003-04-21,"Segunda Feira","FASE 0",810
28,4,2003,0.338369534062368,2003-04-28,"Segunda Feira","FASE 0",817
5,5,2003,0.33792259148963,2003-05-05,"Segunda Feira","FASE 0",824
12,5,2003,0.335687878625943,2003-05-12,"Segunda Feira","FASE 0",831
19,5,2003,0.332556851581059,2003-05-19,"Segunda Feira","FASE 0",838
26,5,2003,0.330322138717372,2003-05-26,"Segunda Feira","FASE 0",845
2,6,2003,0.327191111672488,2003-06-02,"Segunda Feira","FASE 0",852
9,6,2003,0.325403341381538,2003-06-09,"Segunda Feira","FASE 0",859
16,6,2003,0.323615571090588,2003-06-16,"Segunda Feira","FASE 0",866
23,6,2003,0.322274743372376,2003-06-23,"Segunda Feira","FASE 0",873
30,6,2003,0.31959065890023,2003-06-30,"Segunda Feira","FASE 0",880
7,7,2003,0.316462060891067,2003-07-07,"Segunda Feira","FASE 0",887
14,7,2003,0.31481760370768,2003-07-14,"Segunda Feira","FASE 0",894
21,7,2003,0.312019354556628,2003-07-21,"Segunda Feira","FASE 0",901
28,7,2003,0.309621896299607,2003-07-28,"Segunda Feira","FASE 0",908
4,8,2003,0.307224438042586,2003-08-04,"Segunda Feira","FASE 0",915
11,8,2003,0.303629465174915,2003-08-11,"Segunda Feira","FASE 0",922
18,8,2003,0.301632797811925,2003-08-18,"Segunda Feira","FASE 0",929
25,8,2003,0.299235339554904,2003-08-25,"Segunda Feira","FASE 0",936
1,9,2003,0.296837881297882,2003-09-01,"Segunda Feira","FASE 0",943
8,9,2003,0.294440423040861,2003-09-08,"Segunda Feira","FASE 0",950
15,9,2003,0.29204296478384,2003-09-15,"Segunda Feira","FASE 0",957
22,9,2003,0.288846353774479,2003-09-22,"Segunda Feira","FASE 0",964
29,9,2003,0.285649742765117,2003-09-29,"Segunda Feira","FASE 0",971
6,10,2003,0.282453131755756,2003-10-06,"Segunda Feira","FASE 0",978
13,10,2003,0.278858158888085,2003-10-13,"Segunda Feira","FASE 0",985
20,10,2003,0.27570769955743,2003-10-20,"Segunda Feira","FASE 0",992
27,10,2003,0.272875443906278,2003-10-27,"Segunda Feira","FASE 0",999
3,11,2003,0.270043188255126,2003-11-03,"Segunda Feira","FASE 0",1006
10,11,2003,0.266856293388651,2003-11-10,"Segunda Feira","FASE 0",1013
17,11,2003,0.263669398522175,2003-11-17,"Segunda Feira","FASE 0",1020
24,11,2003,0.260482503655699,2003-11-24,"Segunda Feira","FASE 0",1027
1,12,2003,0.257295608789223,2003-12-01,"Segunda Feira","FASE 0",1034
8,12,2003,0.254111142958468,2003-12-08,"Segunda Feira","FASE 0",1041
15,12,2003,0.250924248091992,2003-12-15,"Segunda Feira","FASE 0",1048
22,12,2003,0.247382714010192,2003-12-22,"Segunda Feira","FASE 0",1055
29,12,2003,0.244195819143716,2003-12-29,"Segunda Feira","FASE 0",1062
5,1,2004,0.241363563492565,2004-01-05,"Segunda Feira","FASE 0",1069
12,1,2004,0.239398473593953,2004-01-12,"Segunda Feira","FASE 0",1076
19,1,2004,0.275353060342105,2004-01-19,"Segunda Feira","FASE 0",1083
26,1,2004,0.575258813756115,2004-01-26,"Segunda Feira","FASE 0",1090
2,2,2004,1,2004-02-02,"Segunda Feira","FASE 0",1097
9,2,2004,1,2004-02-09,"Segunda Feira","FASE 0",1104
16,2,2004,1,2004-02-16,"Segunda Feira","FASE 0",1111
23,2,2004,1,2004-02-23,"Segunda Feira","FASE 0",1118
1,3,2004,1,2004-03-01,"Segunda Feira","FASE 0",1125
8,3,2004,1,2004-03-08,"Segunda Feira","FASE 0",1132
15,3,2004,1,2004-03-15,"Segunda Feira","FASE 0",1139
22,3,2004,1,2004-03-22,"Segunda Feira","FASE 0",1146
29,3,2004,1,2004-03-29,"Segunda Feira","FASE 0",1153
5,4,2004,1,2004-04-05,"Segunda Feira","FASE 0",1160
12,4,2004,1,2004-04-12,"Segunda Feira","FASE 0",1167
19,4,2004,1,2004-04-19,"Segunda Feira","FASE 0",1174
26,4,2004,1,2004-04-26,"Segunda Feira","FASE 0",1181
7,6,2004,0.994296624126154,2004-06-07,"Segunda Feira","FASE 0",1192
14,6,2004,0.990495183222164,2004-06-14,"Segunda Feira","FASE 0",1199
21,6,2004,0.99239711819202,2004-06-21,"Segunda Feira","FASE 0",1206
28,6,2004,0.990495183222164,2004-06-28,"Segunda Feira","FASE 0",1213
5,7,2004,0.98859567728803,2004-07-05,"Segunda Feira","FASE 0",1220
12,7,2004,0.99239711819202,2004-07-12,"Segunda Feira","FASE 0",1227
19,7,2004,0.99619855909601,2004-07-19,"Segunda Feira","FASE 0",1234
26,7,2004,0.993346871159087,2004-07-26,"Segunda Feira","FASE 0",1241
2,8,2004,0.989545430255097,2004-08-02,"Segunda Feira","FASE 0",1248
9,8,2004,0.985743989351107,2004-08-09,"Segunda Feira","FASE 0",1255
16,8,2004,0.980990366444329,2004-08-16,"Segunda Feira","FASE 0",1262
23,8,2004,0.978138678507406,2004-08-23,"Segunda Feira","FASE 0",1269
30,8,2004,0.973387484636349,2004-08-30,"Segunda Feira","FASE 0",1276
6,9,2004,0.967684108762503,2004-09-06,"Segunda Feira","FASE 0",1283
13,9,2004,0.964064845537619,2004-09-13,"Segunda Feira","FASE 0",1290
20,9,2004,0.958725825021983,2004-09-20,"Segunda Feira","FASE 0",1297
27,9,2004,0.954278260616101,2004-09-27,"Segunda Feira","FASE 0",1304
4,10,2004,0.949830696210218,2004-10-04,"Segunda Feira","FASE 0",1311
11,10,2004,0.943602648620551,2004-10-11,"Segunda Feira","FASE 0",1318
18,10,2004,0.938263628104915,2004-10-18,"Segunda Feira","FASE 0",1325
25,10,2004,0.932035580515247,2004-10-25,"Segunda Feira","FASE 0",1332
1,11,2004,0.926698989035333,2004-11-01,"Segunda Feira","FASE 0",1339
8,11,2004,0.920470941445665,2004-11-08,"Segunda Feira","FASE 0",1346
15,11,2004,0.916084102932818,2004-11-15,"Segunda Feira","FASE 0",1353
22,11,2004,0.910074668558076,2004-11-22,"Segunda Feira","FASE 0",1360
29,11,2004,0.904922683792988,2004-11-29,"Segunda Feira","FASE 0",1367
6,12,2004,0.898910820382525,2004-12-06,"Segunda Feira","FASE 0",1374
13,12,2004,0.892898956972061,2004-12-13,"Segunda Feira","FASE 0",1381
20,12,2004,0.886889522597319,2004-12-20,"Segunda Feira","FASE 0",1388
27,12,2004,0.881737537832231,2004-12-27,"Segunda Feira","FASE 0",1395
3,1,2005,0.875725674421768,2005-01-03,"Segunda Feira","FASE 0",1402
10,1,2005,0.869716240047026,2005-01-10,"Segunda Feira","FASE 0",1409
17,1,2005,0.864564255281938,2005-01-17,"Segunda Feira","FASE 0",1416
24,1,2005,0.85941227051685,2005-01-24,"Segunda Feira","FASE 0",1423
31,1,2005,0.8997706990279,2005-01-31,"Segunda Feira","FASE 0",1430
7,2,2005,0.894616285227091,2005-02-07,"Segunda Feira","FASE 0",1437
14,2,2005,0.891181628717032,2005-02-14,"Segunda Feira","FASE 0",1444
21,2,2005,0.890324179107378,2005-02-21,"Segunda Feira","FASE 0",1451
28,2,2005,0.884312315696915,2005-02-28,"Segunda Feira","FASE 0",1458
7,3,2005,0.878302881322173,2005-03-07,"Segunda Feira","FASE 0",1465
14,3,2005,0.872291017911709,2005-03-14,"Segunda Feira","FASE 0",1472
21,3,2005,0.871433568302055,2005-03-21,"Segunda Feira","FASE 0",1479
28,3,2005,1,2005-03-28,"Segunda Feira","FASE 0",1486
4,4,2005,1,2005-04-04,"Segunda Feira","FASE 0",1493
11,4,2005,1,2005-04-11,"Segunda Feira","FASE 0",1500
18,4,2005,1,2005-04-18,"Segunda Feira","FASE 0",1507
25,4,2005,1,2005-04-25,"Segunda Feira","FASE 0",1514
2,5,2005,1,2005-05-02,"Segunda Feira","FASE 0",1521
9,5,2005,1,2005-05-09,"Segunda Feira","FASE 0",1528
16,5,2005,1,2005-05-16,"Segunda Feira","FASE 0",1535
23,5,2005,1,2005-05-23,"Segunda Feira","FASE 0",1542
30,5,2005,1,2005-05-30,"Segunda Feira","FASE 0",1549
6,6,2005,1,2005-06-06,"Segunda Feira","FASE 0",1556
13,6,2005,1,2005-06-13,"Segunda Feira","FASE 0",1563
20,6,2005,1,2005-06-20,"Segunda Feira","FASE 0",1570
27,6,2005,1,2005-06-27,"Segunda Feira","FASE 0",1577
4,7,2005,1,2005-07-04,"Segunda Feira","FASE 0",1584
11,7,2005,1,2005-07-11,"Segunda Feira","FASE 0",1591
18,7,2005,1,2005-07-18,"Segunda Feira","FASE 0",1598
25,7,2005,1,2005-07-25,"Segunda Feira","FASE 0",1605
1,8,2005,1,2005-08-01,"Segunda Feira","FASE 0",1612
8,8,2005,0.998100494065866,2005-08-08,"Segunda Feira","FASE 0",1619
15,8,2005,0.99239711819202,2005-08-15,"Segunda Feira","FASE 0",1626
22,8,2005,0.990495183222164,2005-08-22,"Segunda Feira","FASE 0",1633
29,8,2005,0.987643495285242,2005-08-29,"Segunda Feira","FASE 0",1640
5,9,2005,0.982892301414185,2005-09-05,"Segunda Feira","FASE 0",1647
12,9,2005,0.977188925540339,2005-09-12,"Segunda Feira","FASE 0",1654
19,9,2005,0.971485549666493,2005-09-19,"Segunda Feira","FASE 0",1661
26,9,2005,0.965842899685683,2005-09-26,"Segunda Feira","FASE 0",1668
3,10,2005,0.960506308205768,2005-10-03,"Segunda Feira","FASE 0",1675
10,10,2005,0.954278260616101,2005-10-10,"Segunda Feira","FASE 0",1682
17,10,2005,0.948050213026433,2005-10-17,"Segunda Feira","FASE 0",1689
24,10,2005,0.940933138362733,2005-10-24,"Segunda Feira","FASE 0",1696
31,10,2005,0.934705090773065,2005-10-31,"Segunda Feira","FASE 0",1703
7,11,2005,0.927588016109365,2005-11-07,"Segunda Feira","FASE 0",1710
14,11,2005,0.921359968519697,2005-11-14,"Segunda Feira","FASE 0",1717
21,11,2005,0.916084102932818,2005-11-21,"Segunda Feira","FASE 0",1724
28,11,2005,0.910074668558076,2005-11-28,"Segunda Feira","FASE 0",1731
5,12,2005,0.904062805147613,2005-12-05,"Segunda Feira","FASE 0",1738
12,12,2005,0.914366774677788,2005-12-12,"Segunda Feira","FASE 0",1745
19,12,2005,0.908357340303046,2005-12-19,"Segunda Feira","FASE 0",1752
26,12,2005,0.903205355537959,2005-12-26,"Segunda Feira","FASE 0",1759
2,1,2006,0.898050941737149,2006-01-02,"Segunda Feira","FASE 0",1766
9,1,2006,0.891181628717032,2006-01-09,"Segunda Feira","FASE 0",1773
16,1,2006,0.88517219434229,2006-01-16,"Segunda Feira","FASE 0",1780
23,1,2006,0.880020209577202,2006-01-23,"Segunda Feira","FASE 0",1787
30,1,2006,0.874008346166739,2006-01-30,"Segunda Feira","FASE 0",1794
6,2,2006,0.869716240047026,2006-02-06,"Segunda Feira","FASE 0",1801
13,2,2006,0.863704376636563,2006-02-13,"Segunda Feira","FASE 0",1808
20,2,2006,0.864564255281938,2006-02-20,"Segunda Feira","FASE 0",1815
27,2,2006,0.858552391871475,2006-02-27,"Segunda Feira","FASE 0",1822
6,3,2006,0.85941227051685,2006-03-06,"Segunda Feira","FASE 0",1829
13,3,2006,0.855117735361416,2006-03-13,"Segunda Feira","FASE 0",1836
20,3,2006,0.849965750596328,2006-03-20,"Segunda Feira","FASE 0",1843
27,3,2006,0.849108300986674,2006-03-27,"Segunda Feira","FASE 0",1850
3,4,2006,0.901488027282929,2006-04-03,"Segunda Feira","FASE 0",1857
10,4,2006,0.919581914371633,2006-04-10,"Segunda Feira","FASE 0",1864
17,4,2006,0.920470941445665,2006-04-17,"Segunda Feira","FASE 0",1871
24,4,2006,0.924029478777515,2006-04-24,"Segunda Feira","FASE 0",1878
1,5,2006,0.952497777432315,2006-05-01,"Segunda Feira","FASE 0",1885
8,5,2006,0.964064845537619,2006-05-08,"Segunda Feira","FASE 0",1892
15,5,2006,1,2006-05-15,"Segunda Feira","FASE 0",1899
22,5,2006,1,2006-05-22,"Segunda Feira","FASE 0",1906
29,5,2006,1,2006-05-29,"Segunda Feira","FASE 0",1913
5,6,2006,1,2006-06-05,"Segunda Feira","FASE 0",1920
12,6,2006,1,2006-06-12,"Segunda Feira","FASE 0",1927
19,6,2006,1,2006-06-19,"Segunda Feira","FASE 0",1934
26,6,2006,1,2006-06-26,"Segunda Feira","FASE 0",1941
3,7,2006,1,2006-07-03,"Segunda Feira","FASE 0",1948
10,7,2006,1,2006-07-10,"Segunda Feira","FASE 0",1955
17,7,2006,1,2006-07-17,"Segunda Feira","FASE 0",1962
24,7,2006,1,2006-07-24,"Segunda Feira","FASE 0",1969
31,7,2006,1,2006-07-31,"Segunda Feira","FASE 0",1976
7,8,2006,1,2006-08-07,"Segunda Feira","FASE 0",1983
14,8,2006,1,2006-08-14,"Segunda Feira","FASE 0",1990
21,8,2006,1,2006-08-21,"Segunda Feira","FASE 0",1997
28,8,2006,0.998100494065866,2006-08-28,"Segunda Feira","FASE 0",2004
4,9,2006,0.993346871159087,2006-09-04,"Segunda Feira","FASE 0",2011
11,9,2006,0.986693742318175,2006-09-11,"Segunda Feira","FASE 0",2018
18,9,2006,0.980990366444329,2006-09-18,"Segunda Feira","FASE 0",2025
25,9,2006,0.974337237603416,2006-09-25,"Segunda Feira","FASE 0",2032
2,10,2006,0.968633861729571,2006-10-02,"Segunda Feira","FASE 0",2039
9,10,2006,0.961395335279801,2006-10-09,"Segunda Feira","FASE 0",2046
16,10,2006,0.956058743799886,2006-10-16,"Segunda Feira","FASE 0",2053
23,10,2006,0.949830696210218,2006-10-23,"Segunda Feira","FASE 0",2060
30,10,2006,0.943602648620551,2006-10-30,"Segunda Feira","FASE 0",2067
6,11,2006,0.937374601030883,2006-11-06,"Segunda Feira","FASE 0",2074
13,11,2006,0.930257526367183,2006-11-13,"Segunda Feira","FASE 0",2081
20,11,2006,0.925809961961301,2006-11-20,"Segunda Feira","FASE 0",2088
27,11,2006,0.919581914371633,2006-11-27,"Segunda Feira","FASE 0",2095
4,12,2006,0.914366774677788,2006-12-04,"Segunda Feira","FASE 0",2102
11,12,2006,0.907497461657671,2006-12-11,"Segunda Feira","FASE 0",2109
18,12,2006,0.902345476892583,2006-12-18,"Segunda Feira","FASE 0",2116
25,12,2006,0.895476163872466,2006-12-25,"Segunda Feira","FASE 0",2123
1,1,2007,0.890324179107378,2007-01-01,"Segunda Feira","FASE 0",2130
8,1,2007,0.886029643951944,2007-01-08,"Segunda Feira","FASE 0",2137
15,1,2007,0.880020209577202,2007-01-15,"Segunda Feira","FASE 0",2144
22,1,2007,0.873150896557085,2007-01-22,"Segunda Feira","FASE 0",2151
29,1,2007,0.867139033146621,2007-01-29,"Segunda Feira","FASE 0",2158
5,2,2007,0.860269720126504,2007-02-05,"Segunda Feira","FASE 0",2165
12,2,2007,0.853400407106387,2007-02-12,"Segunda Feira","FASE 0",2172
19,2,2007,0.867139033146621,2007-02-19,"Segunda Feira","FASE 0",2179
26,2,2007,0.892898956972061,2007-02-26,"Segunda Feira","FASE 0",2186
5,3,2007,0.898050941737149,2007-03-05,"Segunda Feira","FASE 0",2193
12,3,2007,0.89633361348212,2007-03-12,"Segunda Feira","FASE 0",2200
19,3,2007,0.895476163872466,2007-03-19,"Segunda Feira","FASE 0",2207
26,3,2007,0.891181628717032,2007-03-26,"Segunda Feira","FASE 0",2214
2,4,2007,0.886029643951944,2007-04-02,"Segunda Feira","FASE 0",2221
9,4,2007,0.880020209577202,2007-04-09,"Segunda Feira","FASE 0",2228
16,4,2007,0.873150896557085,2007-04-16,"Segunda Feira","FASE 0",2235
23,4,2007,0.871433568302055,2007-04-23,"Segunda Feira","FASE 0",2242
30,4,2007,0.87057368965668,2007-04-30,"Segunda Feira","FASE 0",2249
7,5,2007,0.865421704891592,2007-05-07,"Segunda Feira","FASE 0",2256
14,5,2007,0.860269720126504,2007-05-14,"Segunda Feira","FASE 0",2263
21,5,2007,0.855977614006792,2007-05-21,"Segunda Feira","FASE 0",2270
28,5,2007,0.852542957496733,2007-05-28,"Segunda Feira","FASE 0",2277
4,6,2007,0.849108300986674,2007-06-04,"Segunda Feira","FASE 0",2284
11,6,2007,0.843096437576211,2007-06-11,"Segunda Feira","FASE 0",2291
18,6,2007,0.840521659711528,2007-06-18,"Segunda Feira","FASE 0",2298
25,6,2007,0.836227124556094,2007-06-25,"Segunda Feira","FASE 0",2305
2,7,2007,0.834509796301064,2007-07-02,"Segunda Feira","FASE 0",2312
9,7,2007,0.828629100819557,2007-07-09,"Segunda Feira","FASE 0",2319
16,7,2007,0.825325612238454,2007-07-16,"Segunda Feira","FASE 0",2326
23,7,2007,0.822019694621629,2007-07-23,"Segunda Feira","FASE 0",2333
30,7,2007,0.81789033389525,2007-07-30,"Segunda Feira","FASE 0",2340
6,8,2007,0.814586845314147,2007-08-06,"Segunda Feira","FASE 0",2347
13,8,2007,0.810455055552047,2007-08-13,"Segunda Feira","FASE 0",2354
20,8,2007,0.807151566970944,2007-08-20,"Segunda Feira","FASE 0",2361
27,8,2007,0.802193905063568,2007-08-27,"Segunda Feira","FASE 0",2368
3,9,2007,0.797238672191913,2007-09-03,"Segunda Feira","FASE 0",2375
10,9,2007,0.793106882429813,2007-09-10,"Segunda Feira","FASE 0",2382
17,9,2007,0.788977521703434,2007-09-17,"Segunda Feira","FASE 0",2389
24,9,2007,0.784019859796058,2007-09-24,"Segunda Feira","FASE 0",2396
1,10,2007,0.778236325743406,2007-10-01,"Segunda Feira","FASE 0",2403
8,10,2007,0.772455220726476,2007-10-08,"Segunda Feira","FASE 0",2410
15,10,2007,0.766671686673824,2007-10-15,"Segunda Feira","FASE 0",2417
22,10,2007,0.760888152621172,2007-10-22,"Segunda Feira","FASE 0",2424
29,10,2007,0.754281175458966,2007-10-29,"Segunda Feira","FASE 0",2431
5,11,2007,0.747751927439845,2007-11-05,"Segunda Feira","FASE 0",2438
12,11,2007,0.741465582992863,2007-11-12,"Segunda Feira","FASE 0",2445
19,11,2007,0.735176809510161,2007-11-19,"Segunda Feira","FASE 0",2452
26,11,2007,0.728890465063179,2007-11-26,"Segunda Feira","FASE 0",2459
3,12,2007,0.722601691580476,2007-12-03,"Segunda Feira","FASE 0",2466
10,12,2007,0.716315347133495,2007-12-10,"Segunda Feira","FASE 0",2473
17,12,2007,0.711600588798259,2007-12-17,"Segunda Feira","FASE 0",2480
24,12,2007,0.705311815315556,2007-12-24,"Segunda Feira","FASE 0",2487
31,12,2007,0.699025470868575,2007-12-31,"Segunda Feira","FASE 0",2494
7,1,2008,0.692736697385872,2008-01-07,"Segunda Feira","FASE 0",2501
14,1,2008,0.68645035293889,2008-01-14,"Segunda Feira","FASE 0",2508
21,1,2008,0.681735594603654,2008-01-21,"Segunda Feira","FASE 0",2515
28,1,2008,0.676233828694685,2008-01-28,"Segunda Feira","FASE 0",2522
4,2,2008,0.670732062785715,2008-02-04,"Segunda Feira","FASE 0",2529
11,2,2008,0.664836793089879,2008-02-11,"Segunda Feira","FASE 0",2536
18,2,2008,0.658205525570459,2008-02-18,"Segunda Feira","FASE 0",2543
25,2,2008,0.652310255874623,2008-02-25,"Segunda Feira","FASE 0",2550
3,3,2008,0.650099833368149,2008-03-03,"Segunda Feira","FASE 0",2557
10,3,2008,0.644204563672313,2008-03-10,"Segunda Feira","FASE 0",2564
17,3,2008,0.640522145518672,2008-03-17,"Segunda Feira","FASE 0",2571
24,3,2008,1,2008-03-24,"Segunda Feira","FASE 0",2578
31,3,2008,1,2008-03-31,"Segunda Feira","FASE 0",2585
7,4,2008,1,2008-04-07,"Segunda Feira","FASE 0",2592
14,4,2008,1,2008-04-14,"Segunda Feira","FASE 0",2599
21,4,2008,1,2008-04-21,"Segunda Feira","FASE 0",2606
28,4,2008,1,2008-04-28,"Segunda Feira","FASE 0",2613
5,5,2008,1,2008-05-05,"Segunda Feira","FASE 0",2620
12,5,2008,1,2008-05-12,"Segunda Feira","FASE 0",2627
19,5,2008,1,2008-05-19,"Segunda Feira","FASE 0",2634
26,5,2008,1,2008-05-26,"Segunda Feira","FASE 0",2641
2,6,2008,1,2008-06-02,"Segunda Feira","FASE 0",2648
9,6,2008,1,2008-06-09,"Segunda Feira","FASE 0",2655
16,6,2008,1,2008-06-16,"Segunda Feira","FASE 0",2662
23,6,2008,1,2008-06-23,"Segunda Feira","FASE 0",2669
30,6,2008,1,2008-06-30,"Segunda Feira","FASE 0",2676
7,7,2008,1,2008-07-07,"Segunda Feira","FASE 0",2683
14,7,2008,1,2008-07-14,"Segunda Feira","FASE 0",2690
21,7,2008,1,2008-07-21,"Segunda Feira","FASE 0",2697
28,7,2008,1,2008-07-28,"Segunda Feira","FASE 0",2704
4,8,2008,1,2008-08-04,"Segunda Feira","FASE 0",2711
11,8,2008,1,2008-08-11,"Segunda Feira","FASE 0",2718
18,8,2008,1,2008-08-18,"Segunda Feira","FASE 0",2725
25,8,2008,0.994296624126154,2008-08-25,"Segunda Feira","FASE 0",2732
1,9,2008,0.990495183222164,2008-09-01,"Segunda Feira","FASE 0",2739
8,9,2008,0.985743989351107,2008-09-08,"Segunda Feira","FASE 0",2746
15,9,2008,0.980040613477262,2008-09-15,"Segunda Feira","FASE 0",2753
22,9,2008,0.974337237603416,2008-09-22,"Segunda Feira","FASE 0",2760
29,9,2008,0.967684108762503,2008-09-29,"Segunda Feira","FASE 0",2767
6,10,2008,0.962284362353833,2008-10-06,"Segunda Feira","FASE 0",2774
13,10,2008,0.956058743799886,2008-10-13,"Segunda Feira","FASE 0",2781
20,10,2008,0.949830696210218,2008-10-20,"Segunda Feira","FASE 0",2788
27,10,2008,0.934705090773065,2008-10-27,"Segunda Feira","FASE 0",2795
3,11,2008,0.936485573956851,2008-11-03,"Segunda Feira","FASE 0",2802
10,11,2008,0.930257526367183,2008-11-10,"Segunda Feira","FASE 0",2809
17,11,2008,0.923140451703483,2008-11-17,"Segunda Feira","FASE 0",2816
24,11,2008,0.916084102932818,2008-11-24,"Segunda Feira","FASE 0",2823
1,12,2008,0.910074668558076,2008-12-01,"Segunda Feira","FASE 0",2830
8,12,2008,0.903205355537959,2008-12-08,"Segunda Feira","FASE 0",2837
15,12,2008,0.898050941737149,2008-12-15,"Segunda Feira","FASE 0",2844
22,12,2008,0.891181628717032,2008-12-22,"Segunda Feira","FASE 0",2851
29,12,2008,0.88517219434229,2008-12-29,"Segunda Feira","FASE 0",2858
5,1,2009,0.878302881322173,2009-01-05,"Segunda Feira","FASE 0",2865
12,1,2009,0.871433568302055,2009-01-12,"Segunda Feira","FASE 0",2872
19,1,2009,0.866281583536967,2009-01-19,"Segunda Feira","FASE 0",2879
26,1,2009,0.86112959877188,2009-01-26,"Segunda Feira","FASE 0",2886
2,2,2009,0.856835063616446,2009-02-02,"Segunda Feira","FASE 0",2893
9,2,2009,0.851683078851358,2009-02-09,"Segunda Feira","FASE 0",2900
16,2,2009,0.855117735361416,2009-02-16,"Segunda Feira","FASE 0",2907
23,2,2009,0.85941227051685,2009-02-23,"Segunda Feira","FASE 0",2914
2,3,2009,0.862846927026909,2009-03-02,"Segunda Feira","FASE 0",2921
9,3,2009,0.858552391871475,2009-03-09,"Segunda Feira","FASE 0",2928
16,3,2009,0.871433568302055,2009-03-16,"Segunda Feira","FASE 0",2935
23,3,2009,0.871433568302055,2009-03-23,"Segunda Feira","FASE 0",2942
30,3,2009,0.866281583536967,2009-03-30,"Segunda Feira","FASE 0",2949
6,4,2009,0.864564255281938,2009-04-06,"Segunda Feira","FASE 0",2956
13,4,2009,0.892898956972061,2009-04-13,"Segunda Feira","FASE 0",2963
20,4,2009,0.898910820382525,2009-04-20,"Segunda Feira","FASE 0",2970
27,4,2009,0.919581914371633,2009-04-27,"Segunda Feira","FASE 0",2977
4,5,2009,1,2009-05-04,"Segunda Feira","FASE 0",2984
11,5,2009,1,2009-05-11,"Segunda Feira","FASE 0",2991
18,5,2009,1,2009-05-18,"Segunda Feira","FASE 0",2998
25,5,2009,1,2009-05-25,"Segunda Feira","FASE 0",3005
1,6,2009,1,2009-06-01,"Segunda Feira","FASE 0",3012
8,6,2009,1,2009-06-08,"Segunda Feira","FASE 0",3019
15,6,2009,1,2009-06-15,"Segunda Feira","FASE 0",3026
22,6,2009,1,2009-06-22,"Segunda Feira","FASE 0",3033
29,6,2009,1,2009-06-29,"Segunda Feira","FASE 0",3040
6,7,2009,1,2009-07-06,"Segunda Feira","FASE 0",3047
13,7,2009,1,2009-07-13,"Segunda Feira","FASE 0",3054
20,7,2009,1,2009-07-20,"Segunda Feira","FASE 0",3061
27,7,2009,1,2009-07-27,"Segunda Feira","FASE 0",3068
3,8,2009,1,2009-08-03,"Segunda Feira","FASE 0",3075
10,8,2009,1,2009-08-10,"Segunda Feira","FASE 0",3082
17,8,2009,1,2009-08-17,"Segunda Feira","FASE 0",3089
24,8,2009,1,2009-08-24,"Segunda Feira","FASE 0",3096
31,8,2009,1,2009-08-31,"Segunda Feira","FASE 0",3103
7,9,2009,1,2009-09-07,"Segunda Feira","FASE 0",3110
14,9,2009,1,2009-09-14,"Segunda Feira","FASE 0",3117
21,9,2009,0.998100494065866,2009-09-21,"Segunda Feira","FASE 0",3124
28,9,2009,0.991447365224953,2009-09-28,"Segunda Feira","FASE 0",3131
5,10,2009,0.984791807348319,2009-10-05,"Segunda Feira","FASE 0",3138
12,10,2009,0.977188925540339,2009-10-12,"Segunda Feira","FASE 0",3145
19,10,2009,0.970535796699426,2009-10-19,"Segunda Feira","FASE 0",3152
26,10,2009,0.963175818463586,2009-10-26,"Segunda Feira","FASE 0",3159
2,11,2009,0.956058743799886,2009-11-02,"Segunda Feira","FASE 0",3166
9,11,2009,0.949830696210218,2009-11-09,"Segunda Feira","FASE 0",3173
16,11,2009,0.943602648620551,2009-11-16,"Segunda Feira","FASE 0",3180
23,11,2009,0.936485573956851,2009-11-23,"Segunda Feira","FASE 0",3187
30,11,2009,0.930257526367183,2009-11-30,"Segunda Feira","FASE 0",3194
7,12,2009,0.923140451703483,2009-12-07,"Segunda Feira","FASE 0",3201
14,12,2009,0.916943981578193,2009-12-14,"Segunda Feira","FASE 0",3208
21,12,2009,0.91093211816773,2009-12-21,"Segunda Feira","FASE 0",3215
28,12,2009,0.904922683792988,2009-12-28,"Segunda Feira","FASE 0",3222
4,1,2010,0.901488027282929,2010-01-04,"Segunda Feira","FASE 0",3229
11,1,2010,0.897193492127495,2010-01-11,"Segunda Feira","FASE 0",3236
18,1,2010,0.894616285227091,2010-01-18,"Segunda Feira","FASE 0",3243
25,1,2010,0.897193492127495,2010-01-25,"Segunda Feira","FASE 0",3250
1,2,2010,0.897193492127495,2010-02-01,"Segunda Feira","FASE 0",3257
8,2,2010,0.891181628717032,2010-02-08,"Segunda Feira","FASE 0",3264
15,2,2010,0.892898956972061,2010-02-15,"Segunda Feira","FASE 0",3271
22,2,2010,0.886889522597319,2010-02-22,"Segunda Feira","FASE 0",3278
1,3,2010,0.881737537832231,2010-03-01,"Segunda Feira","FASE 0",3285
8,3,2010,0.874868224812114,2010-03-08,"Segunda Feira","FASE 0",3292
15,3,2010,0.867139033146621,2010-03-15,"Segunda Feira","FASE 0",3299
22,3,2010,0.87057368965668,2010-03-22,"Segunda Feira","FASE 0",3306
29,3,2010,0.875725674421768,2010-03-29,"Segunda Feira","FASE 0",3313
5,4,2010,0.877443002676797,2010-04-05,"Segunda Feira","FASE 0",3320
12,4,2010,0.883454866087261,2010-04-12,"Segunda Feira","FASE 0",3327
19,4,2010,0.882594987441885,2010-04-19,"Segunda Feira","FASE 0",3334
26,4,2010,0.878302881322173,2010-04-26,"Segunda Feira","FASE 0",3341
3,5,2010,0.890324179107378,2010-05-03,"Segunda Feira","FASE 0",3348
10,5,2010,0.900628148637554,2010-05-10,"Segunda Feira","FASE 0",3355
17,5,2010,0.895476163872466,2010-05-17,"Segunda Feira","FASE 0",3362
24,5,2010,0.890324179107378,2010-05-24,"Segunda Feira","FASE 0",3369
31,5,2010,0.884312315696915,2010-05-31,"Segunda Feira","FASE 0",3376
7,6,2010,0.880877659186856,2010-06-07,"Segunda Feira","FASE 0",3383
14,6,2010,0.875725674421768,2010-06-14,"Segunda Feira","FASE 0",3390
21,6,2010,0.881737537832231,2010-06-21,"Segunda Feira","FASE 0",3397
28,6,2010,0.880877659186856,2010-06-28,"Segunda Feira","FASE 0",3404
5,7,2010,0.880020209577202,2010-07-05,"Segunda Feira","FASE 0",3411
12,7,2010,0.876585553067143,2010-07-12,"Segunda Feira","FASE 0",3418
19,7,2010,0.871433568302055,2010-07-19,"Segunda Feira","FASE 0",3425
26,7,2010,0.867998911791997,2010-07-26,"Segunda Feira","FASE 0",3432
2,8,2010,0.863704376636563,2010-08-02,"Segunda Feira","FASE 0",3439
9,8,2010,0.85941227051685,2010-08-09,"Segunda Feira","FASE 0",3446
16,8,2010,0.854260285751762,2010-08-16,"Segunda Feira","FASE 0",3453
23,8,2010,0.849965750596328,2010-08-23,"Segunda Feira","FASE 0",3460
30,8,2010,0.84481376583124,2010-08-30,"Segunda Feira","FASE 0",3467
6,9,2010,0.838804331456498,2010-09-06,"Segunda Feira","FASE 0",3474
13,9,2010,0.83365234669141,2010-09-13,"Segunda Feira","FASE 0",3481
20,9,2010,0.827803228674281,2010-09-20,"Segunda Feira","FASE 0",3488
27,9,2010,0.822019694621629,2010-09-27,"Segunda Feira","FASE 0",3495
4,10,2010,0.816238589604699,2010-10-04,"Segunda Feira","FASE 0",3502
11,10,2010,0.809629183406771,2010-10-11,"Segunda Feira","FASE 0",3509
18,10,2010,0.803019777208844,2010-10-18,"Segunda Feira","FASE 0",3516
25,10,2010,0.828629100819557,2010-10-25,"Segunda Feira","FASE 0",3523
1,11,2010,0.832792468046035,2010-11-01,"Segunda Feira","FASE 0",3530
8,11,2010,0.826151484383729,2010-11-08,"Segunda Feira","FASE 0",3537
15,11,2010,0.819542078185802,2010-11-15,"Segunda Feira","FASE 0",3544
22,11,2010,0.812106799842598,2010-11-22,"Segunda Feira","FASE 0",3551
29,11,2010,0.805497393644671,2010-11-29,"Segunda Feira","FASE 0",3558
6,12,2010,0.798064544337189,2010-12-06,"Segunda Feira","FASE 0",3565
13,12,2010,0.793106882429813,2010-12-13,"Segunda Feira","FASE 0",3572
20,12,2010,0.78980339384871,2010-12-20,"Segunda Feira","FASE 0",3579
27,12,2010,0.784019859796058,2010-12-27,"Segunda Feira","FASE 0",3586
3,1,2011,0.777410453598131,2011-01-03,"Segunda Feira","FASE 0",3593
10,1,2011,0.770803476435925,2011-01-10,"Segunda Feira","FASE 0",3600
17,1,2011,0.769149303109652,2011-01-17,"Segunda Feira","FASE 0",3607
24,1,2011,0.788151649558158,2011-01-24,"Segunda Feira","FASE 0",3614
31,1,2011,0.796410371010916,2011-01-31,"Segunda Feira","FASE 0",3621
7,2,2011,0.793106882429813,2011-02-07,"Segunda Feira","FASE 0",3628
14,2,2011,0.788151649558158,2011-02-14,"Segunda Feira","FASE 0",3635
21,2,2011,0.838804331456498,2011-02-21,"Segunda Feira","FASE 0",3642
28,2,2011,0.891181628717032,2011-02-28,"Segunda Feira","FASE 0",3649
7,3,2011,1,2011-03-07,"Segunda Feira","FASE 0",3656
14,3,2011,1,2011-03-14,"Segunda Feira","FASE 0",3663
21,3,2011,1,2011-03-21,"Segunda Feira","FASE 0",3670
28,3,2011,1,2011-03-28,"Segunda Feira","FASE 0",3677
4,4,2011,1,2011-04-04,"Segunda Feira","FASE 0",3684
11,4,2011,1,2011-04-11,"Segunda Feira","FASE 0",3691
18,4,2011,1,2011-04-18,"Segunda Feira","FASE 0",3698
25,4,2011,1,2011-04-25,"Segunda Feira","FASE 0",3705
2,5,2011,1,2011-05-02,"Segunda Feira","FASE 0",3712
9,5,2011,1,2011-05-09,"Segunda Feira","FASE 0",3719
16,5,2011,1,2011-05-16,"Segunda Feira","FASE 0",3726
23,5,2011,1,2011-05-23,"Segunda Feira","FASE 0",3733
30,5,2011,1,2011-05-30,"Segunda Feira","FASE 0",3740
6,6,2011,1,2011-06-06,"Segunda Feira","FASE 0",3747
13,6,2011,1,2011-06-13,"Segunda Feira","FASE 0",3754
20,6,2011,1,2011-06-20,"Segunda Feira","FASE 0",3761
27,6,2011,1,2011-06-27,"Segunda Feira","FASE 0",3768
4,7,2011,1,2011-07-04,"Segunda Feira","FASE 0",3775
11,7,2011,1,2011-07-11,"Segunda Feira","FASE 0",3782
18,7,2011,1,2011-07-18,"Segunda Feira","FASE 0",3789
25,7,2011,1,2011-07-25,"Segunda Feira","FASE 0",3796
1,8,2011,1,2011-08-01,"Segunda Feira","FASE 0",3803
8,8,2011,1,2011-08-08,"Segunda Feira","FASE 0",3810
15,8,2011,1,2011-08-15,"Segunda Feira","FASE 0",3817
22,8,2011,1,2011-08-22,"Segunda Feira","FASE 0",3824
29,8,2011,1,2011-08-29,"Segunda Feira","FASE 0",3831
5,9,2011,1,2011-09-05,"Segunda Feira","FASE 0",3838
12,9,2011,1,2011-09-12,"Segunda Feira","FASE 0",3845
19,9,2011,1,2011-09-19,"Segunda Feira","FASE 0",3852
26,9,2011,0.99619855909601,2011-09-26,"Segunda Feira","SEM RACIONAMENTO",3859
3,10,2011,0.990495183222164,2011-10-03,"Segunda Feira","SEM RACIONAMENTO",3866
10,10,2011,0.982892301414185,2011-10-10,"Segunda Feira","SEM RACIONAMENTO",3873
17,10,2011,0.977188925540339,2011-10-17,"Segunda Feira","SEM RACIONAMENTO",3880
24,10,2011,0.971485549666493,2011-10-24,"Segunda Feira","SEM RACIONAMENTO",3887
31,10,2011,0.964953872611651,2011-10-31,"Segunda Feira","SEM RACIONAMENTO",3894
7,11,2011,0.958725825021983,2011-11-07,"Segunda Feira","SEM RACIONAMENTO",3901
14,11,2011,0.953389233542069,2011-11-14,"Segunda Feira","SEM RACIONAMENTO",3908
21,11,2011,0.947161185952401,2011-11-21,"Segunda Feira","SEM RACIONAMENTO",3915
28,11,2011,0.940933138362733,2011-11-28,"Segunda Feira","SEM RACIONAMENTO",3922
5,12,2011,0.933816063699033,2011-12-05,"Segunda Feira","SEM RACIONAMENTO",3929
12,12,2011,0.926698989035333,2011-12-12,"Segunda Feira","SEM RACIONAMENTO",3936
19,12,2011,0.918690458261879,2011-12-19,"Segunda Feira","SEM RACIONAMENTO",3943
26,12,2011,0.912649446422759,2011-12-26,"Segunda Feira","SEM RACIONAMENTO",3950
2,1,2012,0.905780133402642,2012-01-02,"Segunda Feira","SEM RACIONAMENTO",3957
9,1,2012,0.8997706990279,2012-01-09,"Segunda Feira","SEM RACIONAMENTO",3964
16,1,2012,0.892898956972061,2012-01-16,"Segunda Feira","SEM RACIONAMENTO",3971
23,1,2012,0.891181628717032,2012-01-23,"Segunda Feira","SEM RACIONAMENTO",3978
30,1,2012,0.888606850852349,2012-01-30,"Segunda Feira","SEM RACIONAMENTO",3985
6,2,2012,0.882594987441885,2012-02-06,"Segunda Feira","SEM RACIONAMENTO",3992
13,2,2012,0.875725674421768,2012-02-13,"Segunda Feira","SEM RACIONAMENTO",3999
20,2,2012,0.881737537832231,2012-02-20,"Segunda Feira","SEM RACIONAMENTO",4006
27,2,2012,0.878302881322173,2012-02-27,"Segunda Feira","SEM RACIONAMENTO",4013
5,3,2012,0.869716240047026,2012-03-05,"Segunda Feira","SEM RACIONAMENTO",4020
12,3,2012,0.862846927026909,2012-03-12,"Segunda Feira","SEM RACIONAMENTO",4027
19,3,2012,0.854260285751762,2012-03-19,"Segunda Feira","SEM RACIONAMENTO",4034
26,3,2012,0.84653109408627,2012-03-26,"Segunda Feira","SEM RACIONAMENTO",4041
2,4,2012,0.838804331456498,2012-04-02,"Segunda Feira","SEM RACIONAMENTO",4048
9,4,2012,0.831935018436381,2012-04-09,"Segunda Feira","SEM RACIONAMENTO",4055
16,4,2012,0.824499740093178,2012-04-16,"Segunda Feira","SEM RACIONAMENTO",4062
23,4,2012,0.818716206040526,2012-04-23,"Segunda Feira","SEM RACIONAMENTO",4069
30,4,2012,0.811280927697323,2012-04-30,"Segunda Feira","SEM RACIONAMENTO",4076
7,5,2012,0.805497393644671,2012-05-07,"Segunda Feira","SEM RACIONAMENTO",4083
14,5,2012,0.798890416482465,2012-05-14,"Segunda Feira","SEM RACIONAMENTO",4090
21,5,2012,0.793106882429813,2012-05-21,"Segunda Feira","SEM RACIONAMENTO",4097
28,5,2012,0.788977521703434,2012-05-28,"Segunda Feira","SEM RACIONAMENTO",4104
4,6,2012,0.784845731941334,2012-06-04,"Segunda Feira","SEM RACIONAMENTO",4111
11,6,2012,0.779890499069679,2012-06-11,"Segunda Feira","SEM RACIONAMENTO",4118
18,6,2012,0.774106965017028,2012-06-18,"Segunda Feira","SEM RACIONAMENTO",4125
25,6,2012,0.7716293485812,2012-06-25,"Segunda Feira","SEM RACIONAMENTO",4132
2,7,2012,0.768323430964376,2012-07-02,"Segunda Feira","SEM RACIONAMENTO",4139
9,7,2012,0.764194070237997,2012-07-09,"Segunda Feira","SEM RACIONAMENTO",4146
16,7,2012,0.761714024766448,2012-07-16,"Segunda Feira","SEM RACIONAMENTO",4153
23,7,2012,0.756758791894794,2012-07-23,"Segunda Feira","SEM RACIONAMENTO",4160
30,7,2012,0.750975257842142,2012-07-30,"Segunda Feira","SEM RACIONAMENTO",4167
6,8,2012,0.745393333754366,2012-08-06,"Segunda Feira","SEM RACIONAMENTO",4174
13,8,2012,0.739891567845397,2012-08-13,"Segunda Feira","SEM RACIONAMENTO",4181
20,8,2012,0.735176809510161,2012-08-20,"Segunda Feira","SEM RACIONAMENTO",4188
27,8,2012,0.729675043601191,2012-08-27,"Segunda Feira","SEM RACIONAMENTO",4195
3,9,2012,0.72338869915421,2012-09-03,"Segunda Feira","SEM RACIONAMENTO",4202
10,9,2012,0.718673940818974,2012-09-10,"Segunda Feira","SEM RACIONAMENTO",4209
17,9,2012,0.712385167336271,2012-09-17,"Segunda Feira","SEM RACIONAMENTO",4216
24,9,2012,0.706098822889289,2012-09-24,"Segunda Feira","SEM RACIONAMENTO",4223
1,10,2012,0.699810049406587,2012-10-01,"Segunda Feira","SEM RACIONAMENTO",4230
8,10,2012,0.693523704959605,2012-10-08,"Segunda Feira","SEM RACIONAMENTO",4237
15,10,2012,0.687234931476902,2012-10-15,"Segunda Feira","SEM RACIONAMENTO",4244
22,10,2012,0.680161579456187,2012-10-22,"Segunda Feira","SEM RACIONAMENTO",4251
29,10,2012,0.674662242582939,2012-10-29,"Segunda Feira","SEM RACIONAMENTO",4258
5,11,2012,0.666311217772769,2012-11-05,"Segunda Feira","SEM RACIONAMENTO",4265
12,11,2012,0.657469527746875,2012-11-12,"Segunda Feira","SEM RACIONAMENTO",4272
19,11,2012,0.650835831191733,2012-11-19,"Segunda Feira","SEM RACIONAMENTO",4279
26,11,2012,0.645678988355203,2012-11-26,"Segunda Feira","SEM RACIONAMENTO",4286
3,12,2012,0.638311723012199,2012-12-03,"Segunda Feira","SEM RACIONAMENTO",4293
10,12,2012,0.631678026457057,2012-12-10,"Segunda Feira","SEM RACIONAMENTO",4300
17,12,2012,0.625046758937637,2012-12-17,"Segunda Feira","SEM RACIONAMENTO",4307
24,12,2012,0.618415491418217,2012-12-24,"Segunda Feira","SEM RACIONAMENTO",4314
31,12,2012,0.611784223898797,2012-12-31,"Segunda Feira","SEM RACIONAMENTO",4321
7,1,2013,0.605152956379376,2013-01-07,"Segunda Feira","SEM RACIONAMENTO",4328
14,1,2013,0.59925768668354,2013-01-14,"Segunda Feira","SEM RACIONAMENTO",4335
21,1,2013,0.592961626093673,2013-01-21,"Segunda Feira","SEM RACIONAMENTO",4342
28,1,2013,0.586153038966591,2013-01-28,"Segunda Feira","SEM RACIONAMENTO",4349
4,2,2013,0.580024581841501,2013-02-04,"Segunda Feira","SEM RACIONAMENTO",4356
11,2,2013,0.572535864712426,2013-02-11,"Segunda Feira","SEM RACIONAMENTO",4363
18,2,2013,0.566407407587336,2013-02-18,"Segunda Feira","SEM RACIONAMENTO",4370
25,2,2013,0.560278950462246,2013-02-25,"Segunda Feira","SEM RACIONAMENTO",4377
4,3,2013,0.553470363335163,2013-03-04,"Segunda Feira","SEM RACIONAMENTO",4384
11,3,2013,0.548024465247786,2013-03-11,"Segunda Feira","SEM RACIONAMENTO",4391
18,3,2013,0.542578567160409,2013-03-18,"Segunda Feira","SEM RACIONAMENTO",4398
25,3,2013,0.539853189080999,2013-03-25,"Segunda Feira","SEM RACIONAMENTO",4405
1,4,2013,0.533044601953916,2013-04-01,"Segunda Feira","SEM RACIONAMENTO",4412
8,4,2013,0.528339559761566,2013-04-08,"Segunda Feira","SEM RACIONAMENTO",4419
15,4,2013,0.523367323639861,2013-04-15,"Segunda Feira","SEM RACIONAMENTO",4426
22,4,2013,0.519638753807513,2013-04-22,"Segunda Feira","SEM RACIONAMENTO",4433
29,4,2013,0.518397516553878,2013-04-29,"Segunda Feira","SEM RACIONAMENTO",4440
6,5,2013,0.515290779866209,2013-05-06,"Segunda Feira","SEM RACIONAMENTO",4447
13,5,2013,0.510318543744504,2013-05-13,"Segunda Feira","SEM RACIONAMENTO",4454
20,5,2013,0.507211807056835,2013-05-20,"Segunda Feira","SEM RACIONAMENTO",4461
27,5,2013,0.502241999970852,2013-05-27,"Segunda Feira","SEM RACIONAMENTO",4468
3,6,2013,0.497891596993825,2013-06-03,"Segunda Feira","SEM RACIONAMENTO",4475
10,6,2013,0.493543623052521,2013-06-10,"Segunda Feira","SEM RACIONAMENTO",4482
17,6,2013,0.490436886364851,2013-06-17,"Segunda Feira","SEM RACIONAMENTO",4489
24,6,2013,0.486708316532503,2013-06-24,"Segunda Feira","SEM RACIONAMENTO",4496
1,7,2013,0.482357913555477,2013-07-01,"Segunda Feira","SEM RACIONAMENTO",4503
8,7,2013,0.478629343723129,2013-07-08,"Segunda Feira","SEM RACIONAMENTO",4510
15,7,2013,0.476766273324816,2013-07-15,"Segunda Feira","SEM RACIONAMENTO",4517
22,7,2013,0.473659536637146,2013-07-22,"Segunda Feira","SEM RACIONAMENTO",4524
29,7,2013,0.469930966804798,2013-07-29,"Segunda Feira","SEM RACIONAMENTO",4531
5,8,2013,0.465704444649563,2013-08-05,"Segunda Feira","SEM RACIONAMENTO",4538
12,8,2013,0.461781551959503,2013-08-12,"Segunda Feira","SEM RACIONAMENTO",4545
19,8,2013,0.457861088305165,2013-08-19,"Segunda Feira","SEM RACIONAMENTO",4552
26,8,2013,0.45281841014754,2013-08-26,"Segunda Feira","SEM RACIONAMENTO",4559
2,9,2013,0.449459053744844,2013-09-02,"Segunda Feira","SEM RACIONAMENTO",4566
9,9,2013,0.444977482838863,2013-09-09,"Segunda Feira","SEM RACIONAMENTO",4573
16,9,2013,0.441615697400446,2013-09-16,"Segunda Feira","SEM RACIONAMENTO",4580
23,9,2013,0.437134126494464,2013-09-23,"Segunda Feira","SEM RACIONAMENTO",4587
30,9,2013,0.432091448336839,2013-09-30,"Segunda Feira","SEM RACIONAMENTO",4594
7,10,2013,0.427051199214936,2013-10-07,"Segunda Feira","SEM RACIONAMENTO",4601
14,10,2013,0.422008521057311,2013-10-14,"Segunda Feira","SEM RACIONAMENTO",4608
21,10,2013,0.416965842899686,2013-10-21,"Segunda Feira","SEM RACIONAMENTO",4615
28,10,2013,0.411364486526139,2013-10-28,"Segunda Feira","SEM RACIONAMENTO",4622
4,11,2013,0.410803379274496,2013-11-04,"Segunda Feira","SEM RACIONAMENTO",4629
11,11,2013,0.4062975180113,2013-11-11,"Segunda Feira","SEM RACIONAMENTO",4636
18,11,2013,0.401288846353774,2013-11-18,"Segunda Feira","SEM RACIONAMENTO",4643
25,11,2013,0.396780556054857,2013-11-25,"Segunda Feira","SEM RACIONAMENTO",4650
2,12,2013,0.392274694791662,2013-12-02,"Segunda Feira","SEM RACIONAMENTO",4657
9,12,2013,0.387266023134136,2013-12-09,"Segunda Feira","SEM RACIONAMENTO",4664
16,12,2013,0.382257351476611,2013-12-16,"Segunda Feira","SEM RACIONAMENTO",4671
23,12,2013,0.380255826042178,2013-12-23,"Segunda Feira","SEM RACIONAMENTO",4678
30,12,2013,0.375747535743261,2013-12-30,"Segunda Feira","SEM RACIONAMENTO",4685
6,1,2014,0.370738864085735,2014-01-06,"Segunda Feira","SEM RACIONAMENTO",4692
13,1,2014,0.36573019242821,2014-01-13,"Segunda Feira","SEM RACIONAMENTO",4699
20,1,2014,0.359383122088193,2014-01-20,"Segunda Feira","SEM RACIONAMENTO",4706
27,1,2014,0.35446432475236,2014-01-27,"Segunda Feira","SEM RACIONAMENTO",4713
3,2,2014,0.349992469989264,2014-02-03,"Segunda Feira","SEM RACIONAMENTO",4720
10,2,2014,0.348651642271051,2014-02-10,"Segunda Feira","SEM RACIONAMENTO",4727
17,2,2014,0.34328590236248,2014-02-17,"Segunda Feira","SEM RACIONAMENTO",4734
24,2,2014,0.341051189498793,2014-02-24,"Segunda Feira","SEM RACIONAMENTO",4741
3,3,2014,0.337028706344155,2014-03-03,"Segunda Feira","SEM RACIONAMENTO",4748
10,3,2014,0.333450736726534,2014-03-10,"Segunda Feira","SEM RACIONAMENTO",4755
17,3,2014,0.329875196144635,2014-03-17,"Segunda Feira","SEM RACIONAMENTO",4762
24,3,2014,0.32898131099916,2014-03-24,"Segunda Feira","SEM RACIONAMENTO",4769
31,3,2014,0.324956398808801,2014-03-31,"Segunda Feira","SEM RACIONAMENTO",4776
7,4,2014,0.321380858226901,2014-04-07,"Segunda Feira","SEM RACIONAMENTO",4783
14,4,2014,0.319143716327492,2014-04-14,"Segunda Feira","SEM RACIONAMENTO",4790
21,4,2014,0.31601511831833,2014-04-21,"Segunda Feira","SEM RACIONAMENTO",4797
28,4,2014,0.312818507308968,2014-04-28,"Segunda Feira","SEM RACIONAMENTO",4804
5,5,2014,0.324509456236063,2014-05-05,"Segunda Feira","SEM RACIONAMENTO",4811
12,5,2014,0.321827800799639,2014-05-12,"Segunda Feira","SEM RACIONAMENTO",4818
19,5,2014,0.321827800799639,2014-05-19,"Segunda Feira","SEM RACIONAMENTO",4825
26,5,2014,0.318696773754755,2014-05-26,"Segunda Feira","SEM RACIONAMENTO",4832
2,6,2014,0.318249831182017,2014-06-02,"Segunda Feira","SEM RACIONAMENTO",4839
9,6,2014,0.315616756460021,2014-06-09,"Segunda Feira","SEM RACIONAMENTO",4846
16,6,2014,0.313219298202999,2014-06-16,"Segunda Feira","SEM RACIONAMENTO",4853
23,6,2014,0.310022687193638,2014-06-23,"Segunda Feira","SEM RACIONAMENTO",4860
30,6,2014,0.310022687193638,2014-06-30,"Segunda Feira","SEM RACIONAMENTO",4867
7,7,2014,0.305626132537905,2014-07-07,"Segunda Feira","SEM RACIONAMENTO",4874
14,7,2014,0.304030256068946,2014-07-14,"Segunda Feira","SEM RACIONAMENTO",4881
21,7,2014,0.301632797811925,2014-07-21,"Segunda Feira","SEM RACIONAMENTO",4888
28,7,2014,0.299235339554904,2014-07-28,"Segunda Feira","SEM RACIONAMENTO",4895
4,8,2014,0.296437090403851,2014-08-04,"Segunda Feira","SEM RACIONAMENTO",4902
11,8,2014,0.293641270288521,2014-08-11,"Segunda Feira","SEM RACIONAMENTO",4909
18,8,2014,0.290444659279159,2014-08-18,"Segunda Feira","SEM RACIONAMENTO",4916
25,8,2014,0.287248048269798,2014-08-25,"Segunda Feira","SEM RACIONAMENTO",4923
1,9,2014,0.284051437260436,2014-09-01,"Segunda Feira","SEM RACIONAMENTO",4930
8,9,2014,0.281255617145106,2014-09-08,"Segunda Feira","SEM RACIONAMENTO",4937
15,9,2014,0.278858158888085,2014-09-15,"Segunda Feira","SEM RACIONAMENTO",4944
22,9,2014,0.276460700631063,2014-09-22,"Segunda Feira","SEM RACIONAMENTO",4951
29,9,2014,0.271459316080702,2014-09-29,"Segunda Feira","SEM RACIONAMENTO",4958
6,10,2014,0.268272421214226,2014-10-06,"Segunda Feira","SEM RACIONAMENTO",4965
13,10,2014,0.265794804778399,2014-10-13,"Segunda Feira","SEM RACIONAMENTO",4972
20,10,2014,0.262607909911923,2014-10-20,"Segunda Feira","SEM RACIONAMENTO",4979
27,10,2014,0.259066375830123,2014-10-27,"Segunda Feira","SEM RACIONAMENTO",4986
3,11,2014,0.255879480963647,2014-11-03,"Segunda Feira","SEM RACIONAMENTO",4993
10,11,2014,0.252340375917568,2014-11-10,"Segunda Feira","SEM RACIONAMENTO",5000
17,11,2014,0.248798841835768,2014-11-17,"Segunda Feira","SEM RACIONAMENTO",5007
24,11,2014,0.245611946969292,2014-11-24,"Segunda Feira","SEM RACIONAMENTO",5014
1,12,2014,0.242425052102816,2014-12-01,"Segunda Feira","SEM RACIONAMENTO",5021
8,12,2014,0.239398473593953,2014-12-08,"Segunda Feira","FASE 1",5028
15,12,2014,0.236571076014244,2014-12-15,"Segunda Feira","FASE 1",5035
22,12,2014,0.233743678434535,2014-12-22,"Segunda Feira","FASE 1",5042
29,12,2014,0.230916280854826,2014-12-29,"Segunda Feira","FASE 1",5049
5,1,2015,0.228088883275117,2015-01-05,"Segunda Feira","FASE 1",5056
12,1,2015,0.224945711051627,2015-01-12,"Segunda Feira","FASE 1",5063
19,1,2015,0.221802538828136,2015-01-19,"Segunda Feira","FASE 1",5070
26,1,2015,0.218661795640367,2015-01-26,"Segunda Feira","FASE 1",5077
2,2,2015,0.215834398060658,2015-02-02,"Segunda Feira","FASE 1",5084
9,2,2015,0.222118313471918,2015-02-09,"Segunda Feira","FASE 1",5091
16,2,2015,0.219290915892209,2015-02-16,"Segunda Feira","FASE 1",5098
23,2,2015,0.216776863920561,2015-02-23,"Segunda Feira","FASE 1",5105
2,3,2015,0.214262811948913,2015-03-02,"Segunda Feira","FASE 1",5112
9,3,2015,0.213007000480949,2015-03-09,"Segunda Feira","FASE 1",5119
16,3,2015,0.210492948509301,2015-03-16,"Segunda Feira","FASE 1",5126
23,3,2015,0.208386974538848,2015-03-23,"Segunda Feira","FASE 1",5133
30,3,2015,0.205841345102821,2015-03-30,"Segunda Feira","FASE 1",5140
6,4,2015,0.203011518487391,2015-04-06,"Segunda Feira","FASE 1",5147
13,4,2015,0.203859251954159,2015-04-13,"Segunda Feira","FASE 1",5154
20,4,2015,0.201313622518133,2015-04-20,"Segunda Feira","FASE 1",5161
27,4,2015,0.198765564046385,2015-04-27,"Segunda Feira","FASE 1",5168
4,5,2015,0.195935737430955,2015-05-04,"Segunda Feira","FASE 1",5175
11,5,2015,0.193105910815524,2015-05-11,"Segunda Feira","FASE 1",5182
18,5,2015,0.190560281379498,2015-05-18,"Segunda Feira","FASE 1",5189
25,5,2015,0.188014651943471,2015-05-25,"Segunda Feira","FASE 1",5196
1,6,2015,0.18603255879481,2015-06-01,"Segunda Feira","FASE 1",5203
8,6,2015,0.184618860004955,2015-06-08,"Segunda Feira","FASE 2",5210
15,6,2015,0.182354998712611,2015-06-15,"Segunda Feira","FASE 2",5217
22,6,2015,0.180173724634794,2015-06-22,"Segunda Feira","FASE 2",5224
29,6,2015,0.17863857405887,2015-06-29,"Segunda Feira","FASE 2",5231
6,7,2015,0.177615950020161,2015-07-06,"Segunda Feira","FASE 2",5238
13,7,2015,0.176083228479958,2015-07-13,"Segunda Feira","FASE 2",5245
20,7,2015,0.174293029153287,2015-07-20,"Segunda Feira","FASE 2",5252
27,7,2015,0.173525453865325,2015-07-27,"Segunda Feira","FASE 2",5259
3,8,2015,0.171992732325122,2015-08-03,"Segunda Feira","FASE 2",5266
10,8,2015,0.169947484247703,2015-08-10,"Segunda Feira","FASE 2",5273
17,8,2015,0.168157284921032,2015-08-17,"Segunda Feira","FASE 2",5280
24,8,2015,0.165856988092867,2015-08-24,"Segunda Feira","FASE 2",5287
31,8,2015,0.163811740015449,2015-08-31,"Segunda Feira","FASE 2",5294
7,9,2015,0.161509014151562,2015-09-07,"Segunda Feira","FASE 2",5301
14,9,2015,0.159208717323397,2015-09-14,"Segunda Feira","FASE 2",5308
21,9,2015,0.156908420495232,2015-09-21,"Segunda Feira","FASE 2",5315
28,9,2015,0.154219477951643,2015-09-28,"Segunda Feira","FASE 2",5322
5,10,2015,0.151909464980592,2015-10-05,"Segunda Feira","FASE 2",5329
12,10,2015,0.149366264580287,2015-10-12,"Segunda Feira","FASE 2",5336
19,10,2015,0.147287010002769,2015-10-19,"Segunda Feira","FASE 2",5343
